-- phpMyAdmin SQL Dump
-- version 5.2.1
-- https://www.phpmyadmin.net/
--
-- Servidor: 127.0.0.1
-- Tiempo de generación: 11-06-2025 a las 01:06:37
-- Versión del servidor: 10.4.32-MariaDB
-- Versión de PHP: 8.2.12

SET SQL_MODE = "NO_AUTO_VALUE_ON_ZERO";
START TRANSACTION;
SET time_zone = "+00:00";


/*!40101 SET @OLD_CHARACTER_SET_CLIENT=@@CHARACTER_SET_CLIENT */;
/*!40101 SET @OLD_CHARACTER_SET_RESULTS=@@CHARACTER_SET_RESULTS */;
/*!40101 SET @OLD_COLLATION_CONNECTION=@@COLLATION_CONNECTION */;
/*!40101 SET NAMES utf8mb4 */;

--
-- Base de datos: `sistemadeventas1`
--

-- --------------------------------------------------------

--
-- Estructura de tabla para la tabla `tb_almacen`
--

CREATE TABLE `tb_almacen` (
  `id_producto` int(11) NOT NULL,
  `codigo` varchar(255) NOT NULL,
  `nombre` varchar(255) NOT NULL,
  `descripcion` text DEFAULT NULL,
  `stock` int(11) NOT NULL,
  `stock_minimo` int(11) DEFAULT NULL,
  `stock_maximo` int(11) DEFAULT NULL,
  `precio_compra` varchar(255) NOT NULL,
  `precio_venta` varchar(255) NOT NULL,
  `fecha_ingreso` date NOT NULL,
  `imagen` text DEFAULT NULL,
  `id_usuario` int(11) NOT NULL,
  `id_categoria` int(11) NOT NULL,
  `fyh_creacion` datetime NOT NULL,
  `fyh_actualizacion` datetime NOT NULL
) ENGINE=InnoDB DEFAULT CHARSET=utf8 COLLATE=utf8_spanish_ci;

--
-- Volcado de datos para la tabla `tb_almacen`
--

INSERT INTO `tb_almacen` (`id_producto`, `codigo`, `nombre`, `descripcion`, `stock`, `stock_minimo`, `stock_maximo`, `precio_compra`, `precio_venta`, `fecha_ingreso`, `imagen`, `id_usuario`, `id_categoria`, `fyh_creacion`, `fyh_actualizacion`) VALUES
(1, 'P-00001', 'COCA COLA', 'de 2 litros', 21, 20, 500, '9', '12', '2025-08-12', '2025-06-10-06-28-15__cocacola.jfif', 1, 2, '2023-02-12 18:26:25', '2025-06-10 18:28:15'),
(2, 'P-00002', 'AUDIFONOS', 'Con cargado incorporado', 19, 10, 200, '80', '120', '2025-02-13', '2023-02-13-02-29-53__8810fb37cb2f03d30c7c467ec772b5ed6811e7e6.jpeg', 1, 11, '2023-02-13 14:29:53', '2025-06-10 18:27:47'),
(3, 'P-00003', 'VINO TINTO', 'VINO TINTO BLANCO DE 300 ml', 21, 10, 200, '50', '80', '2025-02-13', '2023-02-13-02-35-15__vino.JPG', 1, 1, '2023-02-13 14:35:15', '2025-06-10 18:25:29');

-- --------------------------------------------------------

--
-- Estructura de tabla para la tabla `tb_categorias`
--

CREATE TABLE `tb_categorias` (
  `id_categoria` int(11) NOT NULL,
  `nombre_categoria` varchar(255) NOT NULL,
  `fyh_creacion` datetime NOT NULL,
  `fyh_actualizacion` datetime NOT NULL
) ENGINE=InnoDB DEFAULT CHARSET=utf8 COLLATE=utf8_spanish_ci;

--
-- Volcado de datos para la tabla `tb_categorias`
--

INSERT INTO `tb_categorias` (`id_categoria`, `nombre_categoria`, `fyh_creacion`, `fyh_actualizacion`) VALUES
(1, 'LIQUIDOS', '2023-01-24 22:25:10', '2023-01-24 22:25:10'),
(2, 'FRUTAS', '2023-01-25 14:39:50', '2023-01-25 15:09:07'),
(3, 'COMIDAS', '2023-01-25 14:40:27', '0000-00-00 00:00:00'),
(4, 'KEKES', '2023-01-25 14:41:14', '2025-06-07 22:16:00'),
(5, 'VERDURAS', '2023-01-25 14:43:06', '0000-00-00 00:00:00'),
(6, 'MEDICAMENTOS Y COMIDAS', '2023-01-25 14:44:51', '2023-01-25 15:09:22'),
(8, 'algo2', '2023-01-25 17:49:21', '2023-01-25 17:54:25'),
(9, 'algo3', '2023-01-25 17:54:06', '2023-01-25 17:57:31'),
(11, 'ELECTRONICOS', '2023-01-29 23:01:42', '0000-00-00 00:00:00');

-- --------------------------------------------------------

--
-- Estructura de tabla para la tabla `tb_compras`
--

CREATE TABLE `tb_compras` (
  `id_compra` int(11) NOT NULL,
  `id_producto` int(11) NOT NULL,
  `nro_compra` int(11) NOT NULL,
  `fecha_compra` date NOT NULL,
  `id_proveedor` int(11) NOT NULL,
  `comprobante` varchar(255) NOT NULL,
  `id_usuario` int(11) NOT NULL,
  `precio_compra` varchar(50) NOT NULL,
  `cantidad` int(11) NOT NULL,
  `fyh_creacion` datetime NOT NULL,
  `fyh_actualizacion` datetime NOT NULL
) ENGINE=InnoDB DEFAULT CHARSET=utf8 COLLATE=utf8_spanish_ci;

--
-- Volcado de datos para la tabla `tb_compras`
--

INSERT INTO `tb_compras` (`id_compra`, `id_producto`, `nro_compra`, `fecha_compra`, `id_proveedor`, `comprobante`, `id_usuario`, `precio_compra`, `cantidad`, `fyh_creacion`, `fyh_actualizacion`) VALUES
(1, 3, 1, '2025-02-12', 10, 'FACTURA', 1, '200', 50, '2023-02-12 23:37:24', '2025-06-10 18:21:06'),
(2, 3, 2, '2025-02-17', 10, 'FACTURA NRO 120', 1, '5000', 50, '2023-02-17 22:35:24', '2025-06-10 18:21:21'),
(6, 3, 6, '2025-02-21', 10, 'FACTURA NRO 320', 1, '2350', 150, '2023-02-21 17:11:12', '2025-06-10 19:05:10'),
(8, 2, 4, '2025-06-10', 13, 'BOLETA', 1, '20', 10, '2025-06-10 18:32:23', '0000-00-00 00:00:00');

-- --------------------------------------------------------

--
-- Estructura de tabla para la tabla `tb_proveedores`
--

CREATE TABLE `tb_proveedores` (
  `id_proveedor` int(11) NOT NULL,
  `nombre_proveedor` varchar(255) NOT NULL,
  `celular` varchar(50) NOT NULL,
  `telefono` varchar(50) DEFAULT NULL,
  `empresa` varchar(255) NOT NULL,
  `email` varchar(50) DEFAULT NULL,
  `direccion` varchar(255) NOT NULL,
  `fyh_creacion` datetime NOT NULL,
  `fyh_actualizacion` datetime NOT NULL
) ENGINE=InnoDB DEFAULT CHARSET=utf8 COLLATE=utf8_spanish_ci;

--
-- Volcado de datos para la tabla `tb_proveedores`
--

INSERT INTO `tb_proveedores` (`id_proveedor`, `nombre_proveedor`, `celular`, `telefono`, `empresa`, `email`, `direccion`, `fyh_creacion`, `fyh_actualizacion`) VALUES
(10, 'Jose Quente', '992302906', '27736632', 'PeruLima', 'leo@gmail.com', 'Av. Alfonso Ugarte', '2023-02-12 18:27:10', '2025-06-10 18:30:18'),
(13, 'Juan Mendez', '992302906', '13245678', 'Nestle', 'jua', 'Andahuaylas Los Chancas #125', '2025-06-10 18:29:24', '0000-00-00 00:00:00'),
(14, 'Abram', '992432904', '12345678', 'Azucar', 'abram@gmail.com', 'Surco 123', '2025-06-10 18:54:42', '0000-00-00 00:00:00');

-- --------------------------------------------------------

--
-- Estructura de tabla para la tabla `tb_roles`
--

CREATE TABLE `tb_roles` (
  `id_rol` int(11) NOT NULL,
  `rol` varchar(255) NOT NULL,
  `fyh_creacion` datetime NOT NULL,
  `fyh_actualizacion` datetime NOT NULL
) ENGINE=InnoDB DEFAULT CHARSET=utf8 COLLATE=utf8_spanish_ci;

--
-- Volcado de datos para la tabla `tb_roles`
--

INSERT INTO `tb_roles` (`id_rol`, `rol`, `fyh_creacion`, `fyh_actualizacion`) VALUES
(1, 'ADMINISTRADOR', '2023-01-23 23:15:19', '2023-01-23 23:15:19'),
(3, 'VENDEDORA', '2023-01-23 19:11:28', '2025-06-07 22:01:56'),
(4, 'CONTADOR', '2023-01-23 21:09:54', '0000-00-00 00:00:00'),
(5, 'ALMACEN', '2023-01-24 08:28:24', '0000-00-00 00:00:00');

-- --------------------------------------------------------

--
-- Estructura de tabla para la tabla `tb_usuarios`
--

CREATE TABLE `tb_usuarios` (
  `id_usuario` int(11) NOT NULL,
  `nombres` varchar(255) NOT NULL,
  `email` varchar(255) NOT NULL,
  `password_user` text NOT NULL,
  `token` varchar(100) NOT NULL,
  `id_rol` int(11) NOT NULL,
  `fyh_creacion` datetime NOT NULL,
  `fyh_actualizacion` datetime NOT NULL
) ENGINE=InnoDB DEFAULT CHARSET=utf8 COLLATE=utf8_spanish_ci;

--
-- Volcado de datos para la tabla `tb_usuarios`
--

INSERT INTO `tb_usuarios` (`id_usuario`, `nombres`, `email`, `password_user`, `token`, `id_rol`, `fyh_creacion`, `fyh_actualizacion`) VALUES
(1, 'Leonel Ventura', 'leo@gmail.com', '$2y$10$/GQjgUa0SoBlcZi1aw850ejm.XZrAHWjy43QO.lFHqfJ.wNHVjPLK', '', 1, '2023-01-24 15:16:01', '2025-06-07 22:14:13');

--
-- Índices para tablas volcadas
--

--
-- Indices de la tabla `tb_almacen`
--
ALTER TABLE `tb_almacen`
  ADD PRIMARY KEY (`id_producto`),
  ADD KEY `id_usuario` (`id_usuario`),
  ADD KEY `id_categoria` (`id_categoria`);

--
-- Indices de la tabla `tb_categorias`
--
ALTER TABLE `tb_categorias`
  ADD PRIMARY KEY (`id_categoria`);

--
-- Indices de la tabla `tb_compras`
--
ALTER TABLE `tb_compras`
  ADD PRIMARY KEY (`id_compra`),
  ADD KEY `id_producto` (`id_producto`),
  ADD KEY `id_proveedor` (`id_proveedor`),
  ADD KEY `id_usuario` (`id_usuario`);

--
-- Indices de la tabla `tb_proveedores`
--
ALTER TABLE `tb_proveedores`
  ADD PRIMARY KEY (`id_proveedor`);

--
-- Indices de la tabla `tb_roles`
--
ALTER TABLE `tb_roles`
  ADD PRIMARY KEY (`id_rol`);

--
-- Indices de la tabla `tb_usuarios`
--
ALTER TABLE `tb_usuarios`
  ADD PRIMARY KEY (`id_usuario`),
  ADD KEY `id_rol` (`id_rol`);

--
-- AUTO_INCREMENT de las tablas volcadas
--

--
-- AUTO_INCREMENT de la tabla `tb_almacen`
--
ALTER TABLE `tb_almacen`
  MODIFY `id_producto` int(11) NOT NULL AUTO_INCREMENT, AUTO_INCREMENT=4;

--
-- AUTO_INCREMENT de la tabla `tb_categorias`
--
ALTER TABLE `tb_categorias`
  MODIFY `id_categoria` int(11) NOT NULL AUTO_INCREMENT, AUTO_INCREMENT=12;

--
-- AUTO_INCREMENT de la tabla `tb_compras`
--
ALTER TABLE `tb_compras`
  MODIFY `id_compra` int(11) NOT NULL AUTO_INCREMENT, AUTO_INCREMENT=9;

--
-- AUTO_INCREMENT de la tabla `tb_proveedores`
--
ALTER TABLE `tb_proveedores`
  MODIFY `id_proveedor` int(11) NOT NULL AUTO_INCREMENT, AUTO_INCREMENT=15;

--
-- AUTO_INCREMENT de la tabla `tb_roles`
--
ALTER TABLE `tb_roles`
  MODIFY `id_rol` int(11) NOT NULL AUTO_INCREMENT, AUTO_INCREMENT=6;

--
-- AUTO_INCREMENT de la tabla `tb_usuarios`
--
ALTER TABLE `tb_usuarios`
  MODIFY `id_usuario` int(11) NOT NULL AUTO_INCREMENT, AUTO_INCREMENT=3;

--
-- Restricciones para tablas volcadas
--

--
-- Filtros para la tabla `tb_almacen`
--
ALTER TABLE `tb_almacen`
  ADD CONSTRAINT `tb_almacen_ibfk_1` FOREIGN KEY (`id_categoria`) REFERENCES `tb_categorias` (`id_categoria`) ON UPDATE CASCADE,
  ADD CONSTRAINT `tb_almacen_ibfk_2` FOREIGN KEY (`id_usuario`) REFERENCES `tb_usuarios` (`id_usuario`) ON DELETE NO ACTION ON UPDATE CASCADE;

--
-- Filtros para la tabla `tb_compras`
--
ALTER TABLE `tb_compras`
  ADD CONSTRAINT `tb_compras_ibfk_2` FOREIGN KEY (`id_producto`) REFERENCES `tb_almacen` (`id_producto`) ON DELETE NO ACTION ON UPDATE CASCADE,
  ADD CONSTRAINT `tb_compras_ibfk_3` FOREIGN KEY (`id_usuario`) REFERENCES `tb_usuarios` (`id_usuario`) ON DELETE NO ACTION ON UPDATE CASCADE,
  ADD CONSTRAINT `tb_compras_ibfk_4` FOREIGN KEY (`id_proveedor`) REFERENCES `tb_proveedores` (`id_proveedor`) ON DELETE NO ACTION ON UPDATE NO ACTION;

--
-- Filtros para la tabla `tb_usuarios`
--
ALTER TABLE `tb_usuarios`
  ADD CONSTRAINT `tb_usuarios_ibfk_1` FOREIGN KEY (`id_rol`) REFERENCES `tb_roles` (`id_rol`) ON UPDATE CASCADE;
COMMIT;

/*!40101 SET CHARACTER_SET_CLIENT=@OLD_CHARACTER_SET_CLIENT */;
/*!40101 SET CHARACTER_SET_RESULTS=@OLD_CHARACTER_SET_RESULTS */;
/*!40101 SET COLLATION_CONNECTION=@OLD_COLLATION_CONNECTION */;
